kmer,positions
CGA,0
GAT,1 51 63
ATG,2 17 64 97
TGA,3 65 92
GAC,4
ACT,5
CTA,6 15
TAC,7 39 83
ACC,8 40
CCG,9 41 80 87
CGT,10 81
GTC,11 30 78
TCG,12 27
CGC,13 42 72 85 88
GCT,14 19 89
TAT,16 25
TGC,18
CTT,20 90
TTA,21 38
TAA,22
AAT,23 55
ATA,24 56
ATC,26 52
CGG,28 61
GGT,29 47 77
TCT,31
CTC,32
TCC,33 79
CCC,34
CCA,35 44
CAT,36 96
ATT,37
GCC,43 86
CAG,45 74
AGG,46 58 75
GTG,48
TGG,49
GGA,50 62
TCA,53
CAA,54
TAG,57
GGC,59
GCG,60 71
GAG,66 93
AGA,67
GAA,68
AAG,69
AGC,70 94
GCA,73 95
GGG,76
GTA,82
ACG,84
TTG,91
